question_index,token_per_sec
0,95.81221084346134
1,100.18962396470936
2,98.3059575023931
3,96.07779967590668
4,80.55839974200109
