question_index,token_per_sec
0,81.49871298390038
1,100.65967016387941
2,85.35905684085117
3,86.37381031415075
4,86.54415172312791
